﻿region;category_main;year;avg_price
Hlavní město Praha;2;2019;65815
Hlavní město Praha;2;2020;79703
Hlavní město Praha;2;2021;95870
Hlavní město Praha;2;2022;105434
Hlavní město Praha;2;2023;111087
Hlavní město Praha;1;2019;76391
Hlavní město Praha;1;2020;85784
Hlavní město Praha;1;2021;100809
Hlavní město Praha;1;2022;112676
Hlavní město Praha;1;2023;103693
Středočeský kraj;2;2019;42935
Středočeský kraj;2;2020;47670
Středočeský kraj;2;2021;58253
Středočeský kraj;2;2022;66053
Středočeský kraj;2;2023;64031
Středočeský kraj;1;2019;31208
Středočeský kraj;1;2020;37326
Středočeský kraj;1;2021;46983
Středočeský kraj;1;2022;56001
Středočeský kraj;1;2023;52768
Jihočeský kraj;2;2019;30287
Jihočeský kraj;2;2020;33414
Jihočeský kraj;2;2021;39495
Jihočeský kraj;2;2022;47320
Jihočeský kraj;2;2023;45525
Jihočeský kraj;1;2019;27412
Jihočeský kraj;1;2020;32986
Jihočeský kraj;1;2021;42169
Jihočeský kraj;1;2022;50440
Jihočeský kraj;1;2023;46010
Plzeňský kraj;2;2019;30845
Plzeňský kraj;2;2020;32923
Plzeňský kraj;2;2021;39338
Plzeňský kraj;2;2022;43989
Plzeňský kraj;2;2023;44192
Plzeňský kraj;1;2019;31302
Plzeňský kraj;1;2020;34071
Plzeňský kraj;1;2021;42838
Plzeňský kraj;1;2022;52264
Plzeňský kraj;1;2023;47729
Karlovarský kraj;2;2019;25415
Karlovarský kraj;2;2020;28661
Karlovarský kraj;2;2021;32743
Karlovarský kraj;2;2022;38860
Karlovarský kraj;2;2023;37335
Karlovarský kraj;1;2019;21256
Karlovarský kraj;1;2020;23707
Karlovarský kraj;1;2021;30042
Karlovarský kraj;1;2022;36270
Karlovarský kraj;1;2023;33664
Ústecký kraj;2;2019;25357
Ústecký kraj;2;2020;28258
Ústecký kraj;2;2021;32157
Ústecký kraj;2;2022;39170
Ústecký kraj;2;2023;38348
Ústecký kraj;1;2019;19954
Ústecký kraj;1;2020;23343
Ústecký kraj;1;2021;30832
Ústecký kraj;1;2022;36318
Ústecký kraj;1;2023;33679
Liberecký kraj;2;2019;30149
Liberecký kraj;2;2020;34316
Liberecký kraj;2;2021;39535
Liberecký kraj;2;2022;47752
Liberecký kraj;2;2023;46566
Liberecký kraj;1;2019;27554
Liberecký kraj;1;2020;31559
Liberecký kraj;1;2021;39514
Liberecký kraj;1;2022;49414
Liberecký kraj;1;2023;45561
Královéhradecký kraj;2;2019;30327
Královéhradecký kraj;2;2020;32374
Královéhradecký kraj;2;2021;37787
Královéhradecký kraj;2;2022;45583
Královéhradecký kraj;2;2023;46624
Královéhradecký kraj;1;2019;28075
Královéhradecký kraj;1;2020;32113
Královéhradecký kraj;1;2021;41308
Královéhradecký kraj;1;2022;48040
Královéhradecký kraj;1;2023;46442
Pardubický kraj;2;2019;29817
Pardubický kraj;2;2020;30526
Pardubický kraj;2;2021;36512
Pardubický kraj;2;2022;42356
Pardubický kraj;2;2023;40448
Pardubický kraj;1;2019;28985
Pardubický kraj;1;2020;35067
Pardubický kraj;1;2021;42994
Pardubický kraj;1;2022;51039
Pardubický kraj;1;2023;49255
Kraj Vysočina;2;2019;28721
Kraj Vysočina;2;2020;30393
Kraj Vysočina;2;2021;35732
Kraj Vysočina;2;2022;41874
Kraj Vysočina;2;2023;40933
Kraj Vysočina;1;2019;28385
Kraj Vysočina;1;2020;32865
Kraj Vysočina;1;2021;39919
Kraj Vysočina;1;2022;48960
Kraj Vysočina;1;2023;46665
Jihomoravský kraj;2;2019;33430
Jihomoravský kraj;2;2020;35685
Jihomoravský kraj;2;2021;42844
Jihomoravský kraj;2;2022;47816
Jihomoravský kraj;2;2023;49904
Jihomoravský kraj;1;2019;41092
Jihomoravský kraj;1;2020;46551
Jihomoravský kraj;1;2021;56961
Jihomoravský kraj;1;2022;67358
Jihomoravský kraj;1;2023;65525
Olomoucký kraj;2;2019;25538
Olomoucký kraj;2;2020;27107
Olomoucký kraj;2;2021;32519
Olomoucký kraj;2;2022;38838
Olomoucký kraj;2;2023;38418
Olomoucký kraj;1;2019;27973
Olomoucký kraj;1;2020;32158
Olomoucký kraj;1;2021;39802
Olomoucký kraj;1;2022;48746
Olomoucký kraj;1;2023;45595
Zlínský kraj;2;2019;24666
Zlínský kraj;2;2020;28130
Zlínský kraj;2;2021;31795
Zlínský kraj;2;2022;39362
Zlínský kraj;2;2023;37219
Zlínský kraj;1;2019;28421
Zlínský kraj;1;2020;30878
Zlínský kraj;1;2021;39264
Zlínský kraj;1;2022;47931
Zlínský kraj;1;2023;45163
Moravskoslezský kraj;2;2019;28521
Moravskoslezský kraj;2;2020;30126
Moravskoslezský kraj;2;2021;34984
Moravskoslezský kraj;2;2022;41647
Moravskoslezský kraj;2;2023;41462
Moravskoslezský kraj;1;2019;23372
Moravskoslezský kraj;1;2020;27131
Moravskoslezský kraj;1;2021;35298
Moravskoslezský kraj;1;2022;42389
Moravskoslezský kraj;1;2023;38362
Benešov;2;2019;33086
Benešov;2;2020;35006
Benešov;2;2021;42116
Benešov;2;2022;50121
Benešov;2;2023;43268
Benešov;1;2019;28649
Benešov;1;2020;35967
Benešov;1;2021;44861
Benešov;1;2022;50362
Benešov;1;2023;49499
Beroun;2;2019;36014
Beroun;2;2020;43155
Beroun;2;2021;39834
Beroun;2;2022;46145
Beroun;2;2023;52179
Beroun;1;2019;32338
Beroun;1;2020;38181
Beroun;1;2021;44837
Beroun;1;2022;54374
Beroun;1;2023;53412
Kladno;2;2019;34993
Kladno;2;2020;41004
Kladno;2;2021;45682
Kladno;2;2022;53076
Kladno;2;2023;52323
Kladno;1;2019;37796
Kladno;1;2020;44436
Kladno;1;2021;55945
Kladno;1;2022;68067
Kladno;1;2023;59469
Kolín;2;2019;30355
Kolín;2;2020;35025
Kolín;2;2021;40185
Kolín;2;2022;45220
Kolín;2;2023;46053
Kolín;1;2019;27940
Kolín;1;2020;34670
Kolín;1;2021;42874
Kolín;1;2022;52636
Kolín;1;2023;52811
Kutná Hora;2;2019;29307
Kutná Hora;2;2020;33010
Kutná Hora;2;2021;39348
Kutná Hora;2;2022;38291
Kutná Hora;2;2023;51510
Kutná Hora;1;2019;25929
Kutná Hora;1;2020;30215
Kutná Hora;1;2021;39822
Kutná Hora;1;2022;48900
Kutná Hora;1;2023;45050
Mělník;2;2019;34023
Mělník;2;2020;36815
Mělník;2;2021;42162
Mělník;2;2022;48595
Mělník;2;2023;49340
Mělník;1;2019;32149
Mělník;1;2020;38299
Mělník;1;2021;45177
Mělník;1;2022;56151
Mělník;1;2023;53867
Mladá Boleslav;2;2019;34668
Mladá Boleslav;2;2020;38659
Mladá Boleslav;2;2021;40576
Mladá Boleslav;2;2022;46381
Mladá Boleslav;2;2023;47913
Mladá Boleslav;1;2019;28871
Mladá Boleslav;1;2020;36022
Mladá Boleslav;1;2021;47902
Mladá Boleslav;1;2022;56572
Mladá Boleslav;1;2023;51949
Nymburk;2;2019;28524
Nymburk;2;2020;30407
Nymburk;2;2021;39148
Nymburk;2;2022;44666
Nymburk;2;2023;45054
Nymburk;1;2019;31373
Nymburk;1;2020;35228
Nymburk;1;2021;43119
Nymburk;1;2022;51306
Nymburk;1;2023;48794
Praha-východ;2;2019;55763
Praha-východ;2;2020;64587
Praha-východ;2;2021;82717
Praha-východ;2;2022;96276
Praha-východ;2;2023;88141
Praha-východ;1;2019;31395
Praha-východ;1;2020;38838
Praha-východ;1;2021;51399
Praha-východ;1;2022;54602
Praha-východ;1;2023;55416
Praha-západ;2;2019;56992
Praha-západ;2;2020;63822
Praha-západ;2;2021;76225
Praha-západ;2;2022;95020
Praha-západ;2;2023;89694
Praha-západ;1;2019;31630
Praha-západ;1;2020;39639
Praha-západ;1;2021;46419
Praha-západ;1;2022;53379
Praha-západ;1;2023;51949
Příbram;2;2019;29090
Příbram;2;2020;32368
Příbram;2;2021;41104
Příbram;2;2022;43076
Příbram;2;2023;44672
Příbram;1;2019;28186
Příbram;1;2020;32921
Příbram;1;2021;42092
Příbram;1;2022;51795
Příbram;1;2023;47766
Rakovník;2;2019;26638
Rakovník;2;2020;31163
Rakovník;2;2021;38461
Rakovník;2;2022;41744
Rakovník;2;2023;41213
Rakovník;1;2019;28820
Rakovník;1;2020;29322
Rakovník;1;2021;39278
Rakovník;1;2022;43105
Rakovník;1;2023;47241
České Budějovice;2;2019;35898
České Budějovice;2;2020;38666
České Budějovice;2;2021;46406
České Budějovice;2;2022;57436
České Budějovice;2;2023;53362
České Budějovice;1;2019;34592
České Budějovice;1;2020;40866
České Budějovice;1;2021;50672
České Budějovice;1;2022;58867
České Budějovice;1;2023;53879
Český Krumlov;2;2019;28417
Český Krumlov;2;2020;30159
Český Krumlov;2;2021;41795
Český Krumlov;2;2022;41085
Český Krumlov;2;2023;47101
Český Krumlov;1;2019;23614
Český Krumlov;1;2020;27177
Český Krumlov;1;2021;35539
Český Krumlov;1;2022;45859
Český Krumlov;1;2023;41396
Jindřichův Hradec;2;2019;25147
Jindřichův Hradec;2;2020;29854
Jindřichův Hradec;2;2021;36801
Jindřichův Hradec;2;2022;44521
Jindřichův Hradec;2;2023;38302
Jindřichův Hradec;1;2019;21557
Jindřichův Hradec;1;2020;27073
Jindřichův Hradec;1;2021;35215
Jindřichův Hradec;1;2022;44268
Jindřichův Hradec;1;2023;39401
Písek;2;2019;29225
Písek;2;2020;27815
Písek;2;2021;29531
Písek;2;2022;40710
Písek;2;2023;40988
Písek;1;2019;22930
Písek;1;2020;29591
Písek;1;2021;36682
Písek;1;2022;49989
Písek;1;2023;42975
Prachatice;2;2019;23403
Prachatice;2;2020;29571
Prachatice;2;2021;33644
Prachatice;2;2022;47947
Prachatice;2;2023;34261
Prachatice;1;2019;17905
Prachatice;1;2020;22537
Prachatice;1;2021;32179
Prachatice;1;2022;35163
Prachatice;1;2023;37115
Strakonice;2;2019;28293
Strakonice;2;2020;30078
Strakonice;2;2021;35142
Strakonice;2;2022;41572
Strakonice;2;2023;36961
Strakonice;1;2019;22643
Strakonice;1;2020;27750
Strakonice;1;2021;36280
Strakonice;1;2022;41972
Strakonice;1;2023;40722
Tábor;2;2019;25615
Tábor;2;2020;32778
Tábor;2;2021;35522
Tábor;2;2022;43611
Tábor;2;2023;47061
Tábor;1;2019;24477
Tábor;1;2020;29906
Tábor;1;2021;36884
Tábor;1;2022;46981
Tábor;1;2023;41145
Domažlice;2;2019;26860
Domažlice;2;2020;24906
Domažlice;2;2021;34020
Domažlice;2;2022;38815
Domažlice;2;2023;39139
Domažlice;1;2019;24174
Domažlice;1;2020;28721
Domažlice;1;2021;30573
Domažlice;1;2022;39267
Domažlice;1;2023;36223
Klatovy;2;2019;24009
Klatovy;2;2020;29315
Klatovy;2;2021;36723
Klatovy;2;2022;39782
Klatovy;2;2023;42230
Klatovy;1;2019;22418
Klatovy;1;2020;26019
Klatovy;1;2021;36296
Klatovy;1;2022;45012
Klatovy;1;2023;42291
Plzeň-jih;2;2019;25284
Plzeň-jih;2;2020;28978
Plzeň-jih;2;2021;33410
Plzeň-jih;2;2022;39518
Plzeň-jih;2;2023;41220
Plzeň-jih;1;2019;23444
Plzeň-jih;1;2020;24553
Plzeň-jih;1;2021;34621
Plzeň-jih;1;2022;42619
Plzeň-jih;1;2023;39608
Plzeň-město;2;2019;42972
Plzeň-město;2;2020;46606
Plzeň-město;2;2021;59169
Plzeň-město;2;2022;69874
Plzeň-město;2;2023;63422
Plzeň-město;1;2019;38769
Plzeň-město;1;2020;42676
Plzeň-město;1;2021;52909
Plzeň-město;1;2022;63216
Plzeň-město;1;2023;56617
Plzeň-sever;2;2019;29345
Plzeň-sever;2;2020;31522
Plzeň-sever;2;2021;39441
Plzeň-sever;2;2022;43797
Plzeň-sever;2;2023;42091
Plzeň-sever;1;2019;25587
Plzeň-sever;1;2020;30292
Plzeň-sever;1;2021;38003
Plzeň-sever;1;2022;44007
Plzeň-sever;1;2023;41823
Rokycany;2;2019;26963
Rokycany;2;2020;30071
Rokycany;2;2021;34141
Rokycany;2;2022;37307
Rokycany;2;2023;42570
Rokycany;1;2019;27231
Rokycany;1;2020;30574
Rokycany;1;2021;38424
Rokycany;1;2022;47083
Rokycany;1;2023;44182
Tachov;2;2019;28145
Tachov;2;2020;26723
Tachov;2;2021;34264
Tachov;2;2022;40015
Tachov;2;2023;38242
Tachov;1;2019;22370
Tachov;1;2020;25113
Tachov;1;2021;30340
Tachov;1;2022;37714
Tachov;1;2023;37576
Cheb;2;2019;26666
Cheb;2;2020;28201
Cheb;2;2021;28452
Cheb;2;2022;36655
Cheb;2;2023;35437
Cheb;1;2019;21792
Cheb;1;2020;23895
Cheb;1;2021;29612
Cheb;1;2022;35668
Cheb;1;2023;33425
Karlovy Vary;2;2019;27472
Karlovy Vary;2;2020;32215
Karlovy Vary;2;2021;36743
Karlovy Vary;2;2022;45539
Karlovy Vary;2;2023;42750
Karlovy Vary;1;2019;22642
Karlovy Vary;1;2020;25816
Karlovy Vary;1;2021;32946
Karlovy Vary;1;2022;40512
Karlovy Vary;1;2023;37544
Sokolov;2;2019;21422
Sokolov;2;2020;25953
Sokolov;2;2021;32228
Sokolov;2;2022;35051
Sokolov;2;2023;34964
Sokolov;1;2019;16554
Sokolov;1;2020;17647
Sokolov;1;2021;22322
Sokolov;1;2022;28492
Sokolov;1;2023;26110
Děčín;2;2019;23444
Děčín;2;2020;26182
Děčín;2;2021;30544
Děčín;2;2022;35316
Děčín;2;2023;35977
Děčín;1;2019;18427
Děčín;1;2020;21235
Děčín;1;2021;28328
Děčín;1;2022;34690
Děčín;1;2023;32724
Chomutov;2;2019;25107
Chomutov;2;2020;28689
Chomutov;2;2021;33693
Chomutov;2;2022;40709
Chomutov;2;2023;40632
Chomutov;1;2019;16246
Chomutov;1;2020;19559
Chomutov;1;2021;25195
Chomutov;1;2022;29414
Chomutov;1;2023;28170
Litoměřice;2;2019;22479
Litoměřice;2;2020;26040
Litoměřice;2;2021;33211
Litoměřice;2;2022;38430
Litoměřice;2;2023;36565
Litoměřice;1;2019;24073
Litoměřice;1;2020;28838
Litoměřice;1;2021;38319
Litoměřice;1;2022;45715
Litoměřice;1;2023;43615
Louny;2;2019;25554
Louny;2;2020;25824
Louny;2;2021;26577
Louny;2;2022;39427
Louny;2;2023;33299
Louny;1;2019;19348
Louny;1;2020;23545
Louny;1;2021;30864
Louny;1;2022;38028
Louny;1;2023;33958
Most;2;2019;30608
Most;2;2020;32284
Most;2;2021;36548
Most;2;2022;40649
Most;2;2023;41441
Most;1;2019;18696
Most;1;2020;21730
Most;1;2021;26649
Most;1;2022;32559
Most;1;2023;29325
Teplice;2;2019;28224
Teplice;2;2020;30440
Teplice;2;2021;34607
Teplice;2;2022;39699
Teplice;2;2023;44666
Teplice;1;2019;19242
Teplice;1;2020;20722
Teplice;1;2021;27224
Teplice;1;2022;32342
Teplice;1;2023;30048
Ústí nad Labem;2;2019;29981
Ústí nad Labem;2;2020;40271
Ústí nad Labem;2;2021;38977
Ústí nad Labem;2;2022;47885
Ústí nad Labem;2;2023;48345
Ústí nad Labem;1;2019;22872
Ústí nad Labem;1;2020;26661
Ústí nad Labem;1;2021;35990
Ústí nad Labem;1;2022;43761
Ústí nad Labem;1;2023;38732
Česká Lípa;2;2019;26473
Česká Lípa;2;2020;31146
Česká Lípa;2;2021;34111
Česká Lípa;2;2022;43822
Česká Lípa;2;2023;38159
Česká Lípa;1;2019;20109
Česká Lípa;1;2020;23651
Česká Lípa;1;2021;30687
Česká Lípa;1;2022;41919
Česká Lípa;1;2023;36110
Jablonec nad Nisou;2;2019;28247
Jablonec nad Nisou;2;2020;32233
Jablonec nad Nisou;2;2021;35877
Jablonec nad Nisou;2;2022;45619
Jablonec nad Nisou;2;2023;43396
Jablonec nad Nisou;1;2019;24879
Jablonec nad Nisou;1;2020;28786
Jablonec nad Nisou;1;2021;38174
Jablonec nad Nisou;1;2022;44608
Jablonec nad Nisou;1;2023;41879
Liberec;2;2019;34416
Liberec;2;2020;38720
Liberec;2;2021;44406
Liberec;2;2022;52313
Liberec;2;2023;52824
Liberec;1;2019;32644
Liberec;1;2020;38595
Liberec;1;2021;44917
Liberec;1;2022;56464
Liberec;1;2023;52028
Semily;2;2019;25784
Semily;2;2020;28287
Semily;2;2021;35630
Semily;2;2022;42283
Semily;2;2023;40238
Semily;1;2019;24343
Semily;1;2020;28351
Semily;1;2021;34775
Semily;1;2022;47842
Semily;1;2023;46881
Hradec Králové;2;2019;37321
Hradec Králové;2;2020;39379
Hradec Králové;2;2021;48667
Hradec Králové;2;2022;58264
Hradec Králové;2;2023;56479
Hradec Králové;1;2019;38025
Hradec Králové;1;2020;45047
Hradec Králové;1;2021;56036
Hradec Králové;1;2022;69884
Hradec Králové;1;2023;59403
Jičín;2;2019;26423
Jičín;2;2020;25522
Jičín;2;2021;33988
Jičín;2;2022;41375
Jičín;2;2023;41667
Jičín;1;2019;27932
Jičín;1;2020;30887
Jičín;1;2021;36823
Jičín;1;2022;45707
Jičín;1;2023;48644
Náchod;2;2019;26008
Náchod;2;2020;27690
Náchod;2;2021;31070
Náchod;2;2022;36420
Náchod;2;2023;42506
Náchod;1;2019;20244
Náchod;1;2020;23750
Náchod;1;2021;31441
Náchod;1;2022;37020
Náchod;1;2023;41155
Rychnov nad Kněžnou;2;2019;27806
Rychnov nad Kněžnou;2;2020;30091
Rychnov nad Kněžnou;2;2021;33325
Rychnov nad Kněžnou;2;2022;44802
Rychnov nad Kněžnou;2;2023;41554
Rychnov nad Kněžnou;1;2019;25913
Rychnov nad Kněžnou;1;2020;29121
Rychnov nad Kněžnou;1;2021;36054
Rychnov nad Kněžnou;1;2022;43548
Rychnov nad Kněžnou;1;2023;39877
Trutnov;2;2019;27657
Trutnov;2;2020;31147
Trutnov;2;2021;35148
Trutnov;2;2022;41626
Trutnov;2;2023;42593
Trutnov;1;2019;22317
Trutnov;1;2020;27145
Trutnov;1;2021;35339
Trutnov;1;2022;41278
Trutnov;1;2023;39829
Chrudim;2;2019;25689
Chrudim;2;2020;29345
Chrudim;2;2021;34266
Chrudim;2;2022;40267
Chrudim;2;2023;38223
Chrudim;1;2019;24370
Chrudim;1;2020;29135
Chrudim;1;2021;37411
Chrudim;1;2022;42445
Chrudim;1;2023;39174
Pardubice;2;2019;37083
Pardubice;2;2020;41509
Pardubice;2;2021;44351
Pardubice;2;2022;57189
Pardubice;2;2023;56311
Pardubice;1;2019;34962
Pardubice;1;2020;40899
Pardubice;1;2021;51122
Pardubice;1;2022;62058
Pardubice;1;2023;57323
Svitavy;2;2019;27555
Svitavy;2;2020;26190
Svitavy;2;2021;34945
Svitavy;2;2022;39633
Svitavy;2;2023;34701
Svitavy;1;2019;24288
Svitavy;1;2020;28729
Svitavy;1;2021;34965
Svitavy;1;2022;41933
Svitavy;1;2023;41539
Ústí nad Orlicí;2;2019;26060
Ústí nad Orlicí;2;2020;27441
Ústí nad Orlicí;2;2021;35104
Ústí nad Orlicí;2;2022;38079
Ústí nad Orlicí;2;2023;38972
Ústí nad Orlicí;1;2019;22401
Ústí nad Orlicí;1;2020;29121
Ústí nad Orlicí;1;2021;35965
Ústí nad Orlicí;1;2022;40711
Ústí nad Orlicí;1;2023;40544
Havlíčkův Brod;2;2019;26896
Havlíčkův Brod;2;2020;29353
Havlíčkův Brod;2;2021;33881
Havlíčkův Brod;2;2022;41926
Havlíčkův Brod;2;2023;41200
Havlíčkův Brod;1;2019;23607
Havlíčkův Brod;1;2020;27527
Havlíčkův Brod;1;2021;33373
Havlíčkův Brod;1;2022;43282
Havlíčkův Brod;1;2023;42280
Jihlava;2;2019;34462
Jihlava;2;2020;35019
Jihlava;2;2021;39886
Jihlava;2;2022;49102
Jihlava;2;2023;46320
Jihlava;1;2019;32895
Jihlava;1;2020;37653
Jihlava;1;2021;43939
Jihlava;1;2022;55544
Jihlava;1;2023;51502
Pelhřimov;2;2019;26071
Pelhřimov;2;2020;28674
Pelhřimov;2;2021;34962
Pelhřimov;2;2022;38557
Pelhřimov;2;2023;36032
Pelhřimov;1;2019;26345
Pelhřimov;1;2020;28868
Pelhřimov;1;2021;32395
Pelhřimov;1;2022;44529
Pelhřimov;1;2023;41765
Třebíč;2;2019;25433
Třebíč;2;2020;26434
Třebíč;2;2021;33178
Třebíč;2;2022;39139
Třebíč;2;2023;37021
Třebíč;1;2019;25684
Třebíč;1;2020;31720
Třebíč;1;2021;40229
Třebíč;1;2022;45078
Třebíč;1;2023;47062
Žďár nad Sázavou;2;2019;26326
Žďár nad Sázavou;2;2020;31033
Žďár nad Sázavou;2;2021;36999
Žďár nad Sázavou;2;2022;39887
Žďár nad Sázavou;2;2023;41317
Žďár nad Sázavou;1;2019;28941
Žďár nad Sázavou;1;2020;32104
Žďár nad Sázavou;1;2021;41660
Žďár nad Sázavou;1;2022;51397
Žďár nad Sázavou;1;2023;45664
Blansko;2;2019;29177
Blansko;2;2020;29293
Blansko;2;2021;38019
Blansko;2;2022;41013
Blansko;2;2023;40423
Blansko;1;2019;29571
Blansko;1;2020;32760
Blansko;1;2021;37654
Blansko;1;2022;48009
Blansko;1;2023;54088
Brno-město;2;2019;52142
Brno-město;2;2020;53555
Brno-město;2;2021;66229
Brno-město;2;2022;74250
Brno-město;2;2023;78210
Brno-město;1;2019;50541
Brno-město;1;2020;57424
Brno-město;1;2021;71268
Brno-město;1;2022;83396
Brno-město;1;2023;77827
Brno-venkov;2;2019;33348
Brno-venkov;2;2020;35423
Brno-venkov;2;2021;41565
Brno-venkov;2;2022;46032
Brno-venkov;2;2023;48034
Brno-venkov;1;2019;31614
Brno-venkov;1;2020;36495
Brno-venkov;1;2021;42803
Brno-venkov;1;2022;51537
Brno-venkov;1;2023;52672
Břeclav;2;2019;27642
Břeclav;2;2020;33451
Břeclav;2;2021;37851
Břeclav;2;2022;42812
Břeclav;2;2023;43764
Břeclav;1;2019;28093
Břeclav;1;2020;35023
Břeclav;1;2021;42042
Břeclav;1;2022;53168
Břeclav;1;2023;47695
Hodonín;2;2019;25633
Hodonín;2;2020;26377
Hodonín;2;2021;34099
Hodonín;2;2022;37531
Hodonín;2;2023;37517
Hodonín;1;2019;25887
Hodonín;1;2020;29435
Hodonín;1;2021;39034
Hodonín;1;2022;49021
Hodonín;1;2023;44593
Vyškov;2;2019;28802
Vyškov;2;2020;32893
Vyškov;2;2021;38000
Vyškov;2;2022;42683
Vyškov;2;2023;43102
Vyškov;1;2019;30272
Vyškov;1;2020;34267
Vyškov;1;2021;44575
Vyškov;1;2022;48168
Vyškov;1;2023;53716
Znojmo;2;2019;28994
Znojmo;2;2020;30245
Znojmo;2;2021;33475
Znojmo;2;2022;41655
Znojmo;2;2023;44419
Znojmo;1;2019;27366
Znojmo;1;2020;32411
Znojmo;1;2021;38905
Znojmo;1;2022;48161
Znojmo;1;2023;45407
Jeseník;2;2019;18877
Jeseník;2;2020;24985
Jeseník;2;2021;27542
Jeseník;2;2022;34150
Jeseník;2;2023;33760
Jeseník;1;2019;17998
Jeseník;1;2020;22679
Jeseník;1;2021;29682
Jeseník;1;2022;36869
Jeseník;1;2023;35462
Olomouc;2;2019;30537
Olomouc;2;2020;31923
Olomouc;2;2021;36587
Olomouc;2;2022;42785
Olomouc;2;2023;46780
Olomouc;1;2019;34601
Olomouc;1;2020;40223
Olomouc;1;2021;48187
Olomouc;1;2022;58152
Olomouc;1;2023;55113
Prostějov;2;2019;24561
Prostějov;2;2020;25912
Prostějov;2;2021;32338
Prostějov;2;2022;38702
Prostějov;2;2023;37939
Prostějov;1;2019;25030
Prostějov;1;2020;29467
Prostějov;1;2021;36806
Prostějov;1;2022;46498
Prostějov;1;2023;42691
Přerov;2;2019;22567
Přerov;2;2020;23870
Přerov;2;2021;29046
Přerov;2;2022;35096
Přerov;2;2023;34180
Přerov;1;2019;23032
Přerov;1;2020;25819
Přerov;1;2021;33492
Přerov;1;2022;41925
Přerov;1;2023;39043
Šumperk;2;2019;23326
Šumperk;2;2020;24726
Šumperk;2;2021;31846
Šumperk;2;2022;39304
Šumperk;2;2023;36311
Šumperk;1;2019;23528
Šumperk;1;2020;26410
Šumperk;1;2021;34316
Šumperk;1;2022;41618
Šumperk;1;2023;38260
Kroměříž;2;2019;21601
Kroměříž;2;2020;23230
Kroměříž;2;2021;29126
Kroměříž;2;2022;34984
Kroměříž;2;2023;34785
Kroměříž;1;2019;26309
Kroměříž;1;2020;26436
Kroměříž;1;2021;36560
Kroměříž;1;2022;43651
Kroměříž;1;2023;41584
Uherské Hradiště;2;2019;22809
Uherské Hradiště;2;2020;27113
Uherské Hradiště;2;2021;29317
Uherské Hradiště;2;2022;36541
Uherské Hradiště;2;2023;33049
Uherské Hradiště;1;2019;28335
Uherské Hradiště;1;2020;33238
Uherské Hradiště;1;2021;39358
Uherské Hradiště;1;2022;49210
Uherské Hradiště;1;2023;46146
Vsetín;2;2019;24345
Vsetín;2;2020;28406
Vsetín;2;2021;31957
Vsetín;2;2022;40363
Vsetín;2;2023;39261
Vsetín;1;2019;26273
Vsetín;1;2020;30165
Vsetín;1;2021;36329
Vsetín;1;2022;48114
Vsetín;1;2023;44242
Zlín;2;2019;28342
Zlín;2;2020;31353
Zlín;2;2021;36421
Zlín;2;2022;44439
Zlín;2;2023;42755
Zlín;1;2019;33143
Zlín;1;2020;35539
Zlín;1;2021;45905
Zlín;1;2022;52921
Zlín;1;2023;50572
Bruntál;2;2019;22560
Bruntál;2;2020;24681
Bruntál;2;2021;27421
Bruntál;2;2022;33690
Bruntál;2;2023;34733
Bruntál;1;2019;18195
Bruntál;1;2020;19633
Bruntál;1;2021;25192
Bruntál;1;2022;32705
Bruntál;1;2023;29415
Frýdek-Místek;2;2019;29665
Frýdek-Místek;2;2020;30133
Frýdek-Místek;2;2021;36335
Frýdek-Místek;2;2022;44614
Frýdek-Místek;2;2023;42853
Frýdek-Místek;1;2019;24339
Frýdek-Místek;1;2020;28571
Frýdek-Místek;1;2021;38049
Frýdek-Místek;1;2022;45320
Frýdek-Místek;1;2023;41649
Karviná;2;2019;28128
Karviná;2;2020;29428
Karviná;2;2021;34500
Karviná;2;2022;41806
Karviná;2;2023;38069
Karviná;1;2019;18904
Karviná;1;2020;20923
Karviná;1;2021;26814
Karviná;1;2022;33048
Karviná;1;2023;29369
Nový Jičín;2;2019;26407
Nový Jičín;2;2020;27285
Nový Jičín;2;2021;32989
Nový Jičín;2;2022;37506
Nový Jičín;2;2023;40521
Nový Jičín;1;2019;21174
Nový Jičín;1;2020;25211
Nový Jičín;1;2021;32379
Nový Jičín;1;2022;41319
Nový Jičín;1;2023;38201
Opava;2;2019;27186
Opava;2;2020;30572
Opava;2;2021;34350
Opava;2;2022;40495
Opava;2;2023;38791
Opava;1;2019;27922
Opava;1;2020;29371
Opava;1;2021;38343
Opava;1;2022;46814
Opava;1;2023;43002
Ostrava-město;2;2019;35267
Ostrava-město;2;2020;36098
Ostrava-město;2;2021;42476
Ostrava-město;2;2022;49908
Ostrava-město;2;2023;53006
Ostrava-město;1;2019;25219
Ostrava-město;1;2020;30095
Ostrava-město;1;2021;40201
Ostrava-město;1;2022;47973
Ostrava-město;1;2023;42813