region_code;type;years
CZ020;total;16.92
CZ020;men;15.49
CZ020;women;19.1
CZ080;total;9.81
CZ080;men;9.01
CZ080;women;10.89
CZ072;total;11.05
CZ072;men;9.98
CZ072;women;12.61
CZ032;total;10.59
CZ032;men;9.8
CZ032;women;11.73
CZ051;total;12.95
CZ051;men;11.74
CZ051;women;14.46
CZ071;total;11.15
CZ071;men;10.37
CZ071;women;12.25
CZ041;total;11.15
CZ041;men;10.63
CZ041;women;11.78
CZ042;total;8.79
CZ042;men;8.18
CZ042;women;9.61
CZ053;total;11.03
CZ053;men;10.35
CZ053;women;12.02
CZ064;total;13.82
CZ064;men;12.66
CZ064;women;15.51
CZ010;total;17.66
CZ010;men;15.83
CZ010;women;20.24
CZ063;total;9.74
CZ063;men;9.03
CZ063;women;10.86
CZ031;total;12.75
CZ031;men;11.63
CZ031;women;14.16
CZ052;total;12.01
CZ052;men;10.93
CZ052;women;13.54
CZ020;total;16.92
CZ020;men;15.49
CZ020;women;19.1
CZ080;total;9.81
CZ080;men;9.01
CZ080;women;10.89
CZ072;total;11.05
CZ072;men;9.98
CZ072;women;12.61
CZ032;total;10.59
CZ032;men;9.8
CZ032;women;11.73
CZ051;total;12.95
CZ051;men;11.74
CZ051;women;14.46
CZ071;total;11.15
CZ071;men;10.37
CZ071;women;12.25
CZ041;total;11.15
CZ041;men;10.63
CZ041;women;11.78
CZ042;total;8.79
CZ042;men;8.18
CZ042;women;9.61
CZ053;total;11.03
CZ053;men;10.35
CZ053;women;12.02
CZ064;total;13.82
CZ064;men;12.66
CZ064;women;15.51
CZ010;total;17.66
CZ010;men;15.83
CZ010;women;20.24
CZ063;total;9.74
CZ063;men;9.03
CZ063;women;10.86
CZ031;total;12.75
CZ031;men;11.63
CZ031;women;14.16
CZ052;total;12.01
CZ052;men;10.93
CZ052;women;13.54